{
  "Component.js.map": 1719922988327,
  "test/integration/pages/RisksObjectPage.js": 1719920375350,
  "test/integration/pages/RisksList.js": 1719920375350,
  "test/integration/opaTests.qunit.js": 1719920375298,
  "test/integration/FirstJourney.js": 1719920375426,
  "test/testsuite.qunit.js": 1719920375278,
  "xs-app.json": 1719922965041,
  "manifest.json": 1719922965161,
  "Component.js": 1719920374950,
  "test/integration/FirstJourney-dbg.js": 1719920375426,
  "test/integration/FirstJourney.js.map": 1719922988328,
  "test/integration/pages/RisksList-dbg.js": 1719920375350,
  "test/integration/pages/RisksList.js.map": 1719922988320,
  "test/integration/opaTests.qunit-dbg.js": 1719920375298,
  "test/integration/opaTests.qunit.js.map": 1719922988332,
  "test/integration/pages/RisksObjectPage-dbg.js": 1719920375350,
  "test/integration/pages/RisksObjectPage.js.map": 1719922988318,
  "test/testsuite.qunit-dbg.js": 1719920375278,
  "test/testsuite.qunit.js.map": 1719922988327,
  "Component-dbg.js": 1719920374950,
  "i18n/i18n.properties": 1719920420234,
  "Component-preload.js": 1719922988418,
  "Component-preload.js.map": 1719922988418,
  "test/integration/opaTests.qunit.html": 1719920375298,
  "test/testsuite.qunit.html": 1719920375238,
  "test/flpSandbox.html": 1719920375234,
  "index.html": 1719920374962
}